ChineseChar,Pinyin,TimesUsed
的,"de, di",41955
我,wo,20058
你,ni,18419
人,ren,18013
们,men,17957
他,"ta, tuo",16546
主,zhu,15336
在,zai,13117
是,"shi, ti",10139
不,"bu, fou, fu",9550
说,"shui, shuo, yue",9448
为,wei,8328
有,"wei, you",8163
以,"si, yi",7901
这,"zhe, zhei",6743
必,bi,6742
所,suo,6603
一,yi,6161
了,"le, liao",6114
子,zi,5975
就,jiu,5950
天,tian,5912
亚,ya,5182
上,shang,5128
来,lai,5065
和,"he, hu, huo",4958
大,"da, dai, tai",4659
都,"dou, du",4452
里,li,4422
使,shi,4335
那,"na, nai, ne, nei, nuo",4303
地,"de, di",4276
到,dao,4206
将,"jiang, qiang",4192
耶,"xie, ye",4095
要,yao,4075
列,"li, lie",4048
得,"de, dei",4023
从,"cong, zong",3955
利,li,3795
因,yin,3768
如,ru,3740
王,"wang, yu",3681
中,zhong,3653
去,qu,3435
见,"jian, xian",3364
与,yu,3355
当,dang,3252
可,"ge, ke",3127
色,"se, shai",3089
行,"hang, heng, xing",2979
前,"jian, qian",2905
也,"ye, yi",2895
又,you,2865
日,ri,2847
事,"shi, zi",2645
儿,"er, ren",2626
西,xi,2610
约,"yao, yue",2556
着,"zhao, zhe, zhuo",2532
祭,"ji, zhai",2522
撒,sa,2445
民,min,2412
时,shi,2395
用,yong,2379
面,mian,2270
城,cheng,2136
众,"yin, zhong",2117
作,zuo,2106
自,zi,2102
对,dui,2097
能,"nai, neng, tai, xiong",2072
拉,la,2061
心,xin,2000
出,chu,1981
知,zhi,1981
道,dao,1958
个,"gan, ge",1929
基,ji,1910
无,"mo, wu",1889
样,yang,1877
听,"ting, yi, yin",1867
拿,na,1844
若,"re, ruo",1837
稣,su,1835
法,fa,1826
看,kan,1822
后,hou,1796
雅,ya,1791
巴,ba,1779
话,hua,1769
十,shi,1769
此,ci,1762
比,"bi, pi",1743
罗,luo,1739
门,men,1728
下,xia,1725
犹,you,1669
应,ying,1660
没,"me, mei, mo",1653
生,sheng,1633
伯,"ba, bai, bo, mo",1627
各,ge,1616
玛,ma,1589
被,"bei, bi, pi",1558
死,si,1554
便,"bian, pian",1554
罪,zui,1554
么,"ma, me, mo, yao",1544
多,duo,1543
安,an,1507
家,"gu, jia, jie",1504
向,xiang,1492
住,zhu,1463
路,"lu, luo",1461
己,"ji, qi",1457
起,qi,1453
同,tong,1444
长,"chang, zhang",1407
恶,"e, wu",1399
回,hui,1398
手,shou,1398
并,bing,1389
摩,"ma, mi, mo",1383
求,qiu,1361
给,"gei, ji",1355
圣,"ku, sheng",1332
立,"li, wei",1326
候,hou,1311
二,er,1304
国,guo,1294
名,ming,1277
受,"dao, shou",1265
告,"gao, gu, ju",1259
卫,wei,1253
女,"nv, ru",1241
方,"fang, feng, pang, wang",1196
切,"qi, qie",1191
头,tou,1188
凡,fan,1187
叫,jiao,1184
命,ming,1160
父,fu,1144
哈,"ha, he, sha, ta",1137
过,guo,1134
物,wu,1123
何,he,1116
须,xu,1112
百,"bai, bo, mo",1112
杀,sha,1107
其,"ji, qi",1098
言,"yan, yin",1090
迦,"jia, xie",1090
司,"ci, si",1086
只,zhi,1083
先,xian,1083
伊,yi,1077
身,"juan, shen",1069
咐,fu,1062
米,mi,1056
赐,ci,1048
万,"mo, wan",1045
族,"cou, sou, zou, zu",1045
离,"chi, li",1041
吩,"fen, pen",1039
殿,dian,1033
献,xian,1032
四,si,1008
她,"chi, jie, ta",1007
年,"nian, ning",1006
吃,"chi, qi",992
羊,yang,986
及,ji,978
救,jiu,977
尼,ni,976
仆,pu,973
发,fa,970
世,shi,970
山,shan,968
分,fen,962
呢,"ne, ni",961
三,san,955
信,"shen, xin",954
许,"hu, xu",949
往,wang,935
伦,lun,934
现,xian,927
已,"si, yi",925
希,xi,923
于,"wei, xu, yu",917
火,huo,908
灭,mie,906
处,chu,896
做,zuo,894
之,"zhi, zhu",892
归,gui,888
但,"dan, tan, yan",887
冷,"leng, ling",885
间,jian,884
示,"qi, shi, zhi",884
兄,"kuang, xiong",871
愿,yuan,860
未,wei,857
永,yong,837
还,"fu, hai, huan",833
居,"ji, ju",829
经,jing,829
勒,"le, lei",827
水,shui,822
士,shi,821
明,"meng, ming",816
平,"beng, bing, pian, ping",802
诸,zhu,792
守,shou,792
弟,"di, ti, tui",789
爱,ai,788
沙,"sha, suo",784
会,"hui, kuai",784
再,zai,782
意,yi,781
开,kai,777
督,du,776
直,zhi,775
喜,"chi, xi",773
像,xiang,770
诉,su,770
打,da,764
别,bie,761
妇,fu,759
什,"shen, shi",753
口,kou,751
七,qi,744
实,shi,737
书,shu,734
然,ran,730
进,jin,725
力,li,723
指,zhi,717
些,"suo, xie",713
理,li,712
外,wai,711
曾,"ceng, zeng",710
却,que,707
公,gong,706
派,"bai, mai, pa, pai",699
声,"qing, sheng",695
福,fu,693
母,"mu, wu",693
徒,tu,690
远,yuan,688
押,"jia, xia, ya",686
老,lao,684
降,"jiang, xiang",681
按,an,678
常,chang,678
啊,"a, e",678
造,"cao, zao",677
内,"na, nei, rui",677
边,bian,676
问,wen,676
五,wu,671
服,"bi, bo, fu",671
美,mei,669
保,bao,668
善,shan,664
定,ding,662
今,jin,655
奉,feng,655
攻,gong,655
尽,jin,653
斯,"shi, si",651
恩,en,649
照,zhao,648
谁,"shei, shui",648
施,"shi, yi",646
甚,shen,642
带,dai,640
野,"shu, ye",636
至,"die, zhi",636
石,"dan, shi",635
两,liang,634
全,quan,626
兰,lan,626
非,fei,625
敌,"di, hua",624
义,yi,619
第,di,618
差,"cha, chai, ci, cuo, jie",618
成,cheng,616
怕,"bo, pa",614
论,lun,613
怒,nu,611
扫,sao,610
或,"huo, yu",609
孙,sun,604
放,fang,602
而,"er, neng",595
台,"si, tai, yi",595
焚,fen,595
领,ling,592
荣,rong,583
取,qu,582
支,"qi, zhi",579
遵,zun,578
活,"guo, huo",577
眼,"wen, yan",576
衣,yi,575
异,yi,568
击,ji,566
底,"de, di",563
洁,"ji, jie",558
河,he,557
好,hao,554
金,jin,552
神,shen,552
邦,bang,549
属,"shu, zhu",548
记,ji,547
交,jiao,546
毁,hui,546
站,zhan,545
彼,bi,541
晓,xiao,541
靠,kao,540
惟,wei,539
音,yin,535
律,lv,534
难,nan,533
答,da,532
牛,niu,531
树,shu,530
祖,"jie, zu",527
正,zheng,523
业,ye,523
称,"chen, cheng",517
乐,"le, yue",517
走,zou,513
蒙,meng,513
教,jiao,513
裔,yi,512
海,hai,511
念,nian,511
灵,ling,510
妻,qi,506
敬,jing,506
本,ben,502
仍,reng,502
银,yin,495
建,jian,494
苦,"gu, hu, ku",488
传,"chuan, zhuan",486
赎,shu,485
坐,zuo,482
欢,huan,482
幕,"man, mu",480
岂,"kai, qi",480
加,jia,478
随,sui,477
仇,"chou, ju, qiu",474
刀,"dao, diao",473
入,ru,470
遣,qian,468
数,"shu, shuo",466
珥,er,460
显,xian,460
战,zhan,458
流,liu,456
弃,qi,455
光,guang,451
次,"ci, zi",448
存,cun,446
预,yu,445
食,"shi, si, yi",445
智,zhi,441
惧,ju,439
倒,dao,439
遇,"ou, yong, yu",436
千,qian,435
望,wang,433
香,xiang,432
等,deng,431
果,"guan, guo, luo",430
动,dong,430
呼,"he, hu, xia, xiao, xu",430
息,xi,429
太,"ta, tai",428
满,man,428
夫,fu,428
军,jun,422
血,"xie, xue",421
祷,dao,421
害,"hai, he",419
洗,"xi, xian",416
既,"ji, xi",414
慧,hui,412
亡,"wang, wu",411
华,hua,410
亲,"qin, qing",408
东,dong,406
绝,jue,406
牧,mu,406
南,"na, nan",404
设,she,403
除,"chu, shu, zhu",403
器,qi,402
围,wei,401
备,bei,400
犯,fan,400
接,"cha, jie, sha, xie",398
酒,jiu,398
烧,shao,397
临,lin,393
且,"cu, ju, qie",391
高,gao,391
待,dai,390
聚,ju,389
田,tian,389
耀,yao,386
提,"chi, di, shi, ti",385
礼,li,385
拜,bai,382
暗,an,381
体,"ben, cui, ti",381
歌,ge,379
虽,sui,379
相,xiang,378
治,"chi, zhi",377
耳,"er, reng",376
强,"jiang, qiang",375
寻,"xin, xun",374
怎,zen,373
财,cai,373
脱,"tui, tuo",373
白,"bai, bo",373
跟,gen,371
姓,"sheng, xing",369
罚,fa,369
布,bu,368
细,xi,368
誓,shi,366
瑟,se,366
油,you,365
近,jin,364
目,mu,362
者,zhe,362
断,duan,360
免,"mian, wan, wen",358
管,guan,356
波,"bei, bi, bo",356
留,liu,355
争,zheng,355
阿,"a, e",353
报,bao,353
干,"an, gan",351
营,ying,348
牲,sheng,347
弗,fu,347
木,mu,346
土,"cha, du, tu",346
逃,tao,346
更,geng,346
六,"liu, lu",345
兵,bing,344
户,hu,342
月,"ru, yue",341
喝,"he, kai, ye",340
护,hu,340
夜,ye,339
哀,ai,339
小,xiao,338
位,"li, wei",334
净,"cheng, jing",332
灾,zai,330
收,shou,328
祸,huo,327
请,qing,327
证,zheng,326
每,mei,326
谕,yu,325
重,"chong, tong, zhong",325
房,"fang, pang",321
恐,kong,321
悯,min,320
足,"ju, zu",319
荒,"huang, kang",317
群,qun,317
选,xuan,315
旁,"bang, beng, pang, peng",315
甲,jia,315
患,huan,315
集,ji,314
谢,xie,314
复,fu,312
哥,ge,309
掳,lu,309
达,"da, ta, ti",308
容,"rong, yong",307
座,zuo,307
罕,han,302
真,zhen,302
末,"me, mo",301
原,yuan,299
代,dai,298
工,gong,297
哭,ku,297
结,jie,296
宝,bao,295
诚,cheng,294
畏,wei,294
气,qi,290
极,ji,290
赞,zan,290
认,ren,290
度,"du, duo, zhai",289
惊,"jing, liang",289
乃,"ai, nai",287
穿,"chuan, yuan",286
污,wu,285
坚,jian,284
饼,bing,283
舍,"she, shi",282
邑,"e, yi",282
想,xiang,282
权,quan,282
坏,"huai, pei, pi",281
几,ji,281
算,suan,281
旷,kuang,281
思,"sai, si",279
孩,hai,279
述,shu,278
哪,"na, nai, ne, nei, nie, nuo",276
悦,yue,276
臣,chen,274
客,"ke, qia",274
岁,sui,273
畜,"chu, xu",273
肯,ken,272
特,te,271
责,ze,271
遍,bian,270
颂,song,269
葡,"bei, pu",268
萄,tao,268
语,yu,267
柜,"gui, ju",267
肉,"rou, ru",266
八,ba,266
少,shao,266
怜,"lian, ling",266
伤,shang,265
尺,"che, chi",265
共,"gong, hong",265
角,"gu, jiao, jue, lu",264
谨,jin,263
马,ma,263
偶,ou,262
右,you,260
判,pan,260
例,"li, lie",260
顺,shun,260
尊,zun,259
倚,"ji, yi",259
背,bei,258
割,ge,257
遭,zao,257
节,jie,257
盛,"cheng, sheng",257
追,"dui, tui, zhui",256
祈,"gui, qi",256
识,"shi, zhi",254
穷,qiong,254
脚,"jiao, jue",253
风,feng,252
止,zhi,252
虚,xu,250
界,jie,249
园,"wan, yuan",247
素,su,247
君,jun,247
扬,yang,246
训,xun,245
兽,shou,244
量,liang,244
该,gai,243
举,ju,242
墙,qiang,241
改,gai,241
黑,hei,240
种,"chong, zhong",240
产,chan,240
乌,wu,240
连,lian,239
合,"ge, he",239
谷,"gu, lu, yu",239
胜,"qing, sheng, xing",239
淫,"yan, yao, yin",239
般,"ban, bo, pan",237
引,yin,237
羔,gao,237
羞,xiu,235
屋,wu,235
散,san,234
秽,hui,234
写,xie,234
速,su,232
察,"cha, cui",232
新,xin,231
感,"gan, han",231
男,nan,230
变,bian,230
辱,ru,230
萨,sa,229
快,kuai,228
伏,fu,227
旅,lv,227
愚,yu,227
令,"lian, ling",226
败,bai,226
观,guan,226
剩,sheng,225
逐,"di, tun, zhou, zhu",224
宫,gong,224
首,shou,224
违,wei,223
终,zhong,223
落,"la, lao, luo",223
审,shen,223
条,tiao,222
拯,zheng,221
掉,"diao, nuo",221
筑,zhu,221
陷,xian,221
古,"gu, ku",220
车,"che, ju",220
才,"cai, zai",219
顾,gu,219
夺,duo,219
愆,qian,219
助,"chu, zhu",217
赶,"gan, qian",215
奇,"ai, ji, qi, yi",215
妄,wang,215
号,"hao, xiao",214
完,"kuan, wan",213
奴,nu,213
逆,ni,213
早,zao,212
藏,"cang, zang",212
空,kong,211
半,"ban, pan",211
单,"chan, dan, shan",210
膏,gao,210
制,zhi,209
致,"zhi, zhui",209
谋,mou,209
辖,xia,208
转,"zhuai, zhuan",208
勇,yong,207
莲,lian,207
忧,you,206
讲,jiang,206
初,chu,204
情,qing,204
鬼,gui,203
禁,jin,202
竟,jing,202
柱,zhu,201
性,xing,199
娶,"ju, qu, shu",199
享,xiang,198
怀,"fu, huai",197
麦,mai,197
根,gen,197
赛,sai,197
犊,du,196
龙,long,196
郇,"huan, xun",196
吧,"ba, pa",195
计,ji,195
买,mai,195
跑,"bo, pao",194
宣,xuan,194
固,gu,194
益,yi,193
铜,tong,193
掌,zhang,193
召,"shao, zhao",192
吹,chui,191
嫩,nen,191
云,yun,191
默,mo,189
诫,jie,189
憎,zeng,189
劝,quan,189
抹,"ma, mo",188
俯,fu,188
邪,"she, xie, xu, ya, ye",187
兴,xing,187
余,"tu, xu, yu",186
船,chuan,186
宽,kuan,185
卖,mai,185
班,ban,185
丈,zhang,184
送,song,184
由,"yao, you",184
暴,"bao, bo, pu",183
验,yan,183
病,bing,183
花,hua,182
革,"ge, ji",182
宰,zai,182
咒,zhou,181
乎,hu,181
录,lu,181
粮,liang,181
劳,lao,180
挪,nuo,180
驴,lv,180
震,"shen, zhen",180
烈,lie,180
倾,qing,180
伸,shen,179
解,"jie, xie",179
块,"kuai, yue",177
困,kun,177
恨,hen,176
深,shen,175
养,yang,174
仑,lun,172
绵,mian,172
葬,zang,172
剑,jian,170
狮,shi,170
北,bei,169
惩,cheng,169
假,"ge, jia, jie, xia",169
驱,qu,168
境,jing,168
掠,lve,167
吁,"xu, yu",167
晨,chen,166
帐,zhang,166
越,"huo, yue",166
乏,fa,166
贵,gui,166
院,yuan,166
甸,"dian, sheng, tian, ying",164
故,gu,164
卧,wo,164
俄,e,163
刻,"ke, kei",163
坛,tan,163
件,"jian, mou",162
密,mi,162
修,xiu,162
旨,zhi,162
翰,han,162
饮,yin,161
探,"tan, xian",160
盖,"gai, ge",158
反,fan,158
皮,pi,157
纳,na,157
残,can,157
晚,wan,156
鸟,"diao, niao",156
佑,you,156
睡,shui,155
觉,"jiao, jue",154
吉,ji,154
通,tong,153
饥,ji,153
忍,ren,153
拣,jian,152
隐,yin,151
草,"cao, zao",149
壮,zhuang,149
诅,zu,149
仗,zhang,149
敢,gan,149
顶,ding,148
把,"ba, pa",148
愁,"chou, jiu, qiao",148
急,ji,148
官,guan,147
幔,man,147
期,"ji, qi",146
柄,bing,146
狂,"jue, kuang",146
贫,pin,146
珊,shan,145
灯,"deng, ding",145
麻,ma,144
失,"shi, yi",144
典,"dian, tian",144
久,jiu,144
议,yi,144
墓,mu,144
类,lei,143
飞,fei,143
皿,"min, ming",143
慈,ci,142
骨,gu,141
慰,wei,141
丢,diu,141
忽,hu,140
戮,lu,140
推,tui,140
仰,"ang, yang",139
遮,zhe,139
枝,"qi, zhi",139
砍,kan,139
铁,tie,138
悔,hui,138
眷,juan,138
它,"ta, tuo, yi",137
任,"lin, ren",137
梦,meng,137
充,chong,136
丁,"ding, zheng",136
赦,"ce, she",136
周,zhou,136
折,"she, ti, zhe",136
网,wang,136
顿,"du, dun",135
欲,yu,135
独,du,134
允,"yuan, yun",134
雨,yu,133
丧,sang,133
扪,men,133
试,shi,133
友,you,133
拔,"ba, bei, bie, bo, fa",133
帮,bang,132
找,"hua, zhao",132
慕,mu,132
宗,zong,132
乱,luan,132
祝,"chu, zhou, zhu",132
导,dao,132
精,"jing, qing",131
露,"lou, lu",131
坟,fen,130
痛,tong,130
傲,ao,130
尘,chen,129
醒,"cheng, jing, xing",129
席,xi,129
恤,xu,129
象,xiang,129
夸,kua,128
抬,"chi, tai",127
惑,huo,127
良,liang,127
左,zuo,126
破,po,126
郊,jiao,126
系,"ji, xi",125
避,bi,125
欺,qi,125
垂,"chui, zhui",125
威,wei,125
视,shi,125
盼,"fen, pan",125
婢,bi,124
迷,mi,124
遗,"wei, yi",124
废,fei,124
谤,bang,124
迎,ying,123
尚,"chang, shang",123
昧,"mei, mo, wen",123
卑,"ban, bei, bi, pi",123
忘,wang,122
释,shi,122
字,zi,122
形,xing,121
童,"tong, zhong",121
尸,shi,121
创,chuang,120
供,gong,120
医,yi,120
师,shi,120
奸,"gan, jian",119
胆,"da, dan, tan",118
办,ban,118
钱,qian,118
厌,yan,118
磐,pan,118
载,zai,118
愧,kui,117
仁,ren,117
板,ban,117
替,ti,116
诱,you,116
笑,xiao,116
弱,ruo,116
藉,"ji, jie",116
枯,"gu, ku",116
虫,"chong, hui",115
监,jian,115
点,dian,115
杖,zhang,115
库,ku,115
庄,"peng, zhuang",115
阵,zhen,114
喊,"han, jian, kan",114
摇,yao,113
势,shi,112
轻,qing,112
诈,zha,112
邱,qiu,112
昼,zhou,111
摸,mo,111
微,wei,111
坑,"kang, keng",111
升,sheng,111
捆,"hun, kun",111
谎,huang,111
妹,mei,110
街,jie,110
续,xu,110
严,yan,110
招,"qiao, shao, zhao",110
崇,chong,110
拆,"ca, chai, che, chi",110
村,cun,110
九,jiu,109
德,de,109
富,fu,109
牌,pai,109
赏,shang,109
价,"jia, jie",109
悖,bei,109
托,tuo,108
清,qing,108
林,lin,107
芜,wu,107
骄,jiao,106
旧,jiu,105
索,suo,105
毗,pi,104
府,fu,104
侯,hou,104
阴,yin,103
杯,bei,103
红,"gong, hong",102
消,xiao,102
乳,ru,102
庇,"bi, pi",102
堂,tang,102
辩,bian,102
疾,ji,102
增,"ceng, zeng",101
幼,"yao, you",101
婴,ying,101
忿,fen,101
染,ran,101
抛,pao,100
叛,pan,99
箭,jian,99
惶,huang,99
迫,"pai, po",99
亵,xie,99
获,huo,98
摆,bai,97
绳,sheng,97
亮,liang,97
效,xiao,97
腰,yao,97
床,chuang,97
掩,yan,97
柏,"bai, bo",97
踏,ta,97
践,jian,97
准,zhun,96
凭,ping,96
欣,xin,96
寡,gua,96
尤,you,96
架,jia,96
楼,lou,96
星,xing,95
匠,jiang,95
酵,jiao,95
负,fu,95
张,zhang,95
脸,lian,94
付,fu,94
商,shang,94
毫,hao,94
坦,tan,94
悲,bei,94
参,"can, cen, shen",94
莱,lai,93
易,yi,93
骑,qi,93
覆,fu,93
普,pu,92
械,xie,92
凶,xiong,92
赖,lai,92
瞎,xia,92
碎,sui,92
市,"fu, shi",92
配,pei,91
关,guan,91
刚,gang,91
貌,"mao, mo",91
帖,tie,91
锁,suo,91
逼,bi,91
腿,tui,91
贪,tan,91
翅,chi,91
藐,"miao, mo",91
脂,zhi,90
丰,feng,90
迹,ji,90
逾,"dou, yu",90
凌,ling,90
最,"cuo, zui",89
损,sun,89
薛,xue,89
慎,"shen, zhen",89
朋,peng,89
抢,qiang,89
职,zhi,89
扶,"fu, pu",89
毕,bi,88
寿,shou,88
耻,chi,88
环,huan,87
腓,fei,87
奔,"ben, fen",87
筵,yan,87
恒,heng,87
跌,"die, tu",87
缘,yuan,86
井,jing,86
戴,dai,86
场,chang,86
热,re,86
济,ji,86
泉,quan,85
率,"lv, lve, shuai",85
突,tu,85
室,shi,84
项,xiang,84
具,ju,84
决,jue,84
据,ju,83
躲,duo,83
瓦,wa,83
裂,lie,83
戒,jie,83
哉,zai,83
鱼,yu,82
灰,hui,82
烦,fan,82
吞,"tian, tun",82
钉,ding,82
附,"bu, fu",81
帕,"mo, pa",81
饭,fan,81
刑,xing,81
刺,"ci, qi",81
学,xue,81
昏,hun,80
夏,"jia, xia",80
步,bu,80
饱,bao,80
聪,cong,80
渐,jian,79
鲁,lu,79
肥,"bi, fei",79
游,"liu, you",79
诡,gui,79
唱,chang,79
奠,"dian, ding, ting, zheng, zun",79
侍,shi,79
虔,qian,79
冈,gang,79
遂,sui,78
毛,mao,78
执,zhi,78
舌,"gua, she",78
疫,yi,78
膀,"bang, pang",78
包,"bao, fu, pao",77
蛇,"chi, she, tuo, yi",77
退,tui,77
侧,"ce, ze, zhai",77
冤,yuan,77
怨,"yuan, yun",77
埋,"mai, man",77
勉,mian,77
饰,shi,77
瘟,"wen, wo, yun",77
竿,gan,77
睛,jing,76
凉,liang,76
状,zhuang,76
盈,ying,76
虐,nve,76
料,liao,76
叩,kou,76
警,jing,76
栽,zai,75
闻,wen,75
惜,xi,75
择,"ze, zhai",75
甘,"gan, han",75
宴,yan,75
术,"shu, zhu",75
仿,"fang, pang",75
佛,"bi, bo, fo, fu",75
饿,e,75
持,chi,75
诲,hui,75
卷,"gun, juan, jun, quan",75
队,dui,74
软,ruan,74
毒,"dai, du",74
癞,lai,74
绕,rao,74
总,zong,73
洞,"dong, tong",73
弓,gong,73
印,"yi, yin",73
静,jing,73
磨,mo,73
盘,pan,73
孕,yun,72
驼,tuo,72
鉴,jian,72
抱,"bao, pao, pou",72
叹,"tan, yi, you",72
登,"de, deng",72
宇,yu,72
苏,su,71
乡,xiang,71
禾,he,71
担,"dan, jie",71
耐,"nai, neng",71
姐,"jie, ju, xu, zu",70
胎,tai,70
棘,ji,70
赫,"he, shi",70
盾,"dun, shun, yun",70
寝,qin,70
慢,man,70
休,"xiu, xu",70
屈,"ju, jue, qu, que",70
康,kang,70
讴,ou,69
货,huo,69
蜜,mi,69
压,ya,69
叶,"xie, ye",68
承,"cheng, zheng",68
妙,miao,68
廊,lang,68
耕,geng,67
另,ling,67
挑,"diao, tao, tiao",67
炉,lu,67
奏,"cou, zou",67
琐,suo,67
醉,zui,66
俗,su,66
投,"dou, tou",66
撕,"si, xi",66
臂,"bei, bi",66
琴,qin,65
拦,lan,65
途,tu,65
疲,pi,65
哲,zhe,65
偏,pian,65
洒,"cui, sa, sen, xi, xian, xun",65
窥,kui,64
摘,zhai,64
移,"chi, yi",64
绑,bang,64
装,zhuang,64
邻,lin,64
荆,jing,63
略,lve,63
冒,"mao, mo",63
囚,qiu,63
缺,"kui, que",63
陈,chen,63
偿,chang,63
虑,"bi, lv",63
枪,qiang,63
魂,hun,62
倍,"bei, pei",62
规,gui,62
绿,"lu, lv",62
斐,fei,61
叠,die,61
忙,mang,61
闭,bi,61
扰,"rao, you",61
挂,gua,61
盆,pen,61
胸,xiong,61
桌,zhuo,61
冠,guan,61
魔,mo,61
朔,shuo,60
堆,"dui, zui",60
展,zhan,60
忠,zhong,60
琳,lin,60
渡,du,59
积,"ji, zhi",59
厚,hou,59
兆,zhao,59
错,cuo,59
牙,ya,59
役,yi,59
蓝,"la, lan",59
渎,du,59
停,ting,58
片,"pan, pian",58
句,"gou, ju, qu",58
延,yan,58
拾,"jie, she, shi",58
轭,e,58
轮,lun,58
跳,"diao, tao, tiao",58
渴,"he, jie, kai, ke",58
紫,zi,58
铸,zhu,58
番,"bo, fan, pan, pi, po",58
曼,man,58
运,yun,57
暂,zan,57
广,"an, guang, yan",57
陀,"duo, tuo",57
射,"she, ye, yi",57
占,"tie, zhan",57
挖,wa,57
猛,meng,57
惠,hui,57
祀,si,57
雷,lei,57
孤,gu,57
读,"dou, du",57
专,zhuan,57
勤,"qi, qin",57
奥,"ao, you, yu",57
宿,"qi, su, xiu",56
闪,shan,56
骆,luo,56
熟,"shou, shu",56
似,"shi, si",56
缅,mian,56
妆,zhuang,56
冕,mian,56
沉,chen,55
层,ceng,55
搭,"da, ta",55
换,huan,55
拙,zhuo,55
帅,shuai,55
艰,jian,54
茂,mao,54
烟,"yan, yin",54
衰,"cui, shuai, suo",54
袋,dai,54
柴,"chai, ci, zhai, zi",54
齐,"ji, qi",54
织,zhi,54
宅,"che, du, zhai",54
喻,yu,54
迁,qian,53
阻,"zhu, zu",53
宠,chong,53
佳,jia,53
垣,yuan,53
私,si,53
雕,diao,53
喧,xuan,53
阄,jiu,53
炼,lian,53
税,"shui, tuan, tui, tuo",53
黄,huang,52
宏,hong,52
窗,"chuang, cong",52
盟,"meng, ming",52
腹,fu,52
博,bo,52
玷,dian,52
狱,yu,52
裹,guo,52
骂,ma,52
援,"huan, yuan",52
舟,zhou,51
嫁,jia,51
斑,ban,51
偷,tou,51
文,wen,51
泣,"li, qi, se",51
蝗,huang,51
涂,"chu, tu, ye",51
党,dang,51
赤,chi,50
肩,"jian, xian",50
孽,nie,50
源,yuan,50
岛,dao,50
泥,"ni, nie, ning",50
悬,xuan,50
卜,"bo, bu, pu",50
章,zhang,50
恳,ken,50
志,zhi,49
焰,yan,49
巧,qiao,49
互,hu,49
务,wu,49
穴,"jue, xue",49
端,duan,49
怯,qie,48
馨,xin,48
瞒,man,48
戏,"hu, xi",48
牵,qian,48
翻,fan,48
吓,"ha, he, xia",48
吐,tu,48
庙,miao,48
妓,ji,47
盐,yan,47
零,"lian, ling",47
式,"shi, te",47
鹿,"lu, lv",47
寄,ji,47
恕,shu,47
兢,jing,47
究,jiu,47
碌,"liu, lu, luo",47
赀,zi,47
硬,"geng, ying",47
景,"jing, ying",47
袍,"bao, pao",47
筛,shai,47
炎,"tan, yan",47
障,zhang,47
省,"sheng, xian, xing",47
弹,"dan, tan",46
机,"ji, wei",46
穗,sui,46
疑,"ning, yi",46
辆,liang,46
鹰,ying,46
链,lian,46
伴,"ban, pan",46
掣,che,46
惭,can,46
旱,han,45
溢,yi,45
鸽,ge,45
稼,jia,45
辜,gu,45
味,"mei, wei",45
辨,"ban, bian, pian",45
掷,zhi,45
苟,gou,45
闩,shuan,45
携,xie,45
岸,an,44
塞,"sai, se",44
始,shi,44
纵,zong,44
伐,fa,44
饶,rao,44
匹,pi,44
堕,"duo, hui",44
盂,yu,44
浴,yu,44
肢,"shi, zhi",44
讥,ji,44
宦,huan,44
盗,dao,44
滋,"ci, xuan, zi",43
育,"yo, yu, zhou",43
艾,"ai, yi",43
迟,chi,43
悉,xi,43
累,"lei, lie, lv",43
剃,ti,43
即,ji,43
套,tao,43
雹,bao,43
骇,hai,43
绛,jiang,43
挡,dang,43
况,kuang,43
辉,hui,43
蓄,xu,42
岭,ling,42
宁,"ning, zhu",42
误,wu,42
妒,du,42
嫉,ji,42
防,fang,42
池,"che, chi, tuo",42
谦,qian,42
贼,zei,42
剿,"chao, jiao",42
拈,"dian, nian",42
元,yuan,42
偃,yan,42
谬,miu,42
依,yi,41
补,bu,41
斗,"dou, zhu",41
朝,"chao, zhao, zhu",41
封,"bian, feng",41
习,xi,41
匿,"ni, te",41
嘴,zui,41
屡,lv,41
竭,jie,40
刃,ren,40
含,han,40
拘,"gou, ju",40
膝,xi,40
鼓,gu,40
苍,cang,40
借,jie,40
骸,"gai, hai",40
欠,qian,40
荫,yin,40
缮,shan,40
羡,"xian, yan, yi",40
泪,lei,40
蔽,"bi, bie, pie",40
鞋,"wa, xie",39
瓶,ping,39
查,"cha, chai, zha",39
斤,jin,39
尾,"wei, yi",39
锅,guo,39
钩,gou,39
沐,mu,39
图,tu,39
擒,qin,39
遁,"dun, qun, xun",39
菜,cai,38
篾,mie,38
奶,nai,38
联,lian,38
咬,"jiao, yao",38
江,jiang,38
杠,"gang, gong",38
冲,chong,38
幽,you,38
亭,ting,37
征,zheng,37
隅,yu,37
栗,"li, lie",37
舞,wu,37
化,"hua, huo",37
债,zhai,37
狗,gou,37
跃,yue,37
塌,"da, ta",37
秘,"bi, bie, mi",37
旺,wang,37
弥,mi,37
捐,"juan, yuan",37
雀,"qiao, que",36
繁,"fan, pan, po",36
皆,jie,36
午,wu,36
嘉,jia,36
罢,ba,36
疼,teng,36
圈,"juan, quan",36
疮,chuang,36
铺,pu,36
粪,fen,36
叔,shu,36
激,"ji, jiao",36
昔,"cuo, xi",36
贱,jian,36
亨,"heng, peng, xiang",36
畅,chang,36
沦,lun,36
历,li,35
鼻,bi,35
泄,"xie, yi",35
旦,dan,35
杜,"du, tu",35
颈,"geng, jing",35
搬,"ban, su",35
贡,gong,35
贿,hui,35
曲,qu,35
缕,lv,35
稳,wen,35
添,tian,35
束,shu,35
险,xian,35
浪,lang,35
尝,chang,35
润,run,34
迈,mai,34
值,zhi,34
诧,cha,34
驮,"duo, tuo",34
恼,nao,34
筐,kuang,34
健,jian,34
谱,pu,34
贴,tie,34
讼,song,34
俱,ju,34
悟,wu,34
局,ju,34
婆,po,34
朽,xiu,34
漏,lou,33
莫,"mo, mu",33
农,nong,33
飘,piao,33
牺,xi,33
腾,teng,33
颜,yan,33
诗,shi,33
斥,"che, chi, zhe",33
瘸,que,33
、,、,33
碗,wan,33
考,kao,33
紧,jin,33
妃,"fei, pei",33
唇,"chun, zhen",33
缄,jian,33
渊,yuan,32
肚,du,32
洪,hong,32
讨,tao,32
裳,"chang, shang",32
置,zhi,32
跪,gui,32
剪,jian,32
垒,lei,32
囊,nang,32
嫌,xian,32
齿,chi,32
郎,lang,32
惰,"duo, tuo",32
凿,"zao, zuo",32
估,gu,32
亏,"kui, yu",32
捉,zhuo,32
画,hua,32
青,"jing, qing",31
涌,"chong, yong",31
橡,xiang,31
双,shuang,31
埃,"ai, zhi",31
沾,"chan, dian, tian, zhan",31
杂,"duo, za",31
挨,ai,31
焉,"yan, yi",31
够,gou,31
猪,zhu,31
冥,"mian, ming",31
殷,"yan, yin",31
卒,"cu, cui, zu",31
珍,zhen,31
陶,"dao, tao, yao",31
功,gong,31
儆,jing,31
逊,xun,30
培,"pei, pi, pou",30
英,"yang, ying",30
泛,"fa, fan, feng",30
坍,tan,30
温,"wen, yun",30
荡,dang,30
雪,xue,30
浮,fu,30
限,"wen, xian",30
倦,juan,30
榴,liu,30
矜,"guan, jin, qin",30
炭,tan,30
荷,he,30
惫,bei,30
愈,yu,30
签,qian,30
御,"ya, yu",30
唤,huan,29
雏,chu,29
歇,"xie, ya",29
舒,"shu, yu",29
程,cheng,29
窃,qie,29
药,yao,29
纷,fen,29
哗,hua,29
册,"ce, zha",29
申,shen,29
柔,rou,29
危,wei,29
吏,li,29
影,ying,29
颠,dian,29
淹,yan,28
鹤,he,28
纪,ji,28
倘,"chang, tang",28
吻,wen,28
骗,pian,28
嘱,zhu,28
努,nu,28
线,xian,28
苇,wei,28
狼,"hang, lang",28
撇,"bie, pie",28
哑,ya,28
懒,lan,28
雇,"gu, hu",28
电,dian,28
赂,lu,28
胡,hu,28
侮,wu,28
顽,wan,28
词,ci,28
煞,sha,28
溪,"qi, xi",28
扇,shan,28
昆,"hun, kun",27
扛,"gang, kang",27
奖,jiang,27
疏,shu,27
丑,chou,27
仓,cang,27
减,jian,27
煮,zhu,27
脏,zang,27
额,e,27
费,fei,27
品,pin,27
奋,"fen, kang",27
鞭,bian,27
奈,nai,27
矩,ju,26
圆,yuan,26
槁,"gao, kao",26
统,tong,26
擅,shan,26
汛,xun,26
烂,lan,26
响,xiang,26
梁,liang,26
珠,zhu,26
抵,"di, qi, zhi",26
播,bo,26
履,lv,26
需,"nuo, ru, ruan, xu",26
鸣,ming,26
穹,"kong, qiong",26
谈,tan,26
恋,lian,25
嗣,si,25
妾,qie,25
丽,li,25
趁,"chen, nian, zhen",25
较,jiao,25
政,zheng,25
沿,yan,25
甜,tian,25
禧,xi,25
嚷,rang,25
斧,fu,25
辞,ci,25
控,"kong, qiang",25
噩,e,24
诺,nuo,24
横,"guang, heng, huang",24
瞻,zhan,24
哄,hong,24
浇,jiao,24
阔,kuo,24
窘,jiong,24
惹,"re, ruo",24
蹄,"di, ti",24
坡,po,24
苗,miao,24
蘸,zhan,24
雄,xiong,24
阶,jie,24
躺,tang,24
璧,bi,24
秃,tu,24
亩,mu,24
秉,bing,24
痊,quan,24
楠,nan,24
焦,"jiao, qiao",24
蕃,"bo, fan, pi",23
质,zhi,23
俊,"dun, jun, shun",23
惨,can,23
孚,fu,23
岳,yue,23
伍,wu,23
昂,"ang, yang",23
仅,"fu, jin, nu",23
绣,xiu,23
玉,yu,23
灌,"guan, huan",23
透,"shu, tou",23
墟,xu,23
拟,ni,23
超,"chao, tiao",23
缠,chan,23
踊,yong,23
径,jing,23
赴,fu,23
缧,lei,23
绁,xie,23
卢,lu,23
涉,"die, she",22
媳,xi,22
剥,"bao, bo, pu",22
注,"zhou, zhu",22
逞,"cheng, ying",22
粗,cu,22
帏,wei,22
薄,"bao, bo, bu",22
浊,zhuo,22
旗,qi,22
匪,"fei, fen",22
测,ce,22
彰,zhang,22
吕,lv,22
乘,"cheng, sheng",21
资,zi,21
催,cui,21
枕,"chen, zhen",21
辟,"bi, mi, pi",21
搜,"shao, sou, xiao",21
表,biao,21
烤,kao,21
梅,mei,21
忌,ji,21
赔,pei,21
捻,"nian, nie",21
陵,ling,21
纯,chun,21
擘,"bai, bo",21
崩,beng,21
愎,bi,21
沫,mo,21
嫔,pin,21
睦,mu,21
详,xiang,21
旋,xuan,21
矶,ji,21
朵,duo,21
槛,"jian, kan",21
瞭,liao,21
踪,zong,21
模,"mo, mu",21
驳,bo,21
藜,li,21
楚,chu,20
滥,lan,20
禽,qin,20
寒,han,20
短,duan,20
恸,tong,20
槽,"cao, zao",20
秀,xiu,20
瘦,shou,20
翦,jian,20
庐,lu,20
聘,"pin, ping",20
牢,"lao, lou",20
芦,"hu, lu",20
闲,xian,20
殃,yang,20
框,kuang,20
闹,nao,20
幅,"bi, fu",20
隔,"ge, ji, rong",20
濯,"shuo, zhao, zhuo",20
调,"diao, tiao",20
粒,li,20
低,di,20
漠,mo,20
谗,chan,20
仪,yi,20
扎,"za, zha",20
巢,chao,20
某,"mei, mou",20
诮,qiao,20
驾,jia,20
级,ji,20
暖,"nuan, xuan",20
确,que,20
缦,man,20
蒺,ji,20
蔬,shu,19
伺,"ci, si",19
窑,yao,19
亿,yi,19
竞,jing,19
臭,"chou, xiu",19
叙,xu,19
芥,"gai, jie",19
递,di,19
触,chu,19
枉,"kuang, wang",19
球,qiu,19
帘,"chen, lian",19
橛,jue,19
睚,ya,19
诵,song,19
戈,ge,19
宾,bin,19
劫,jie,19
骡,luo,19
贾,"gu, jia",19
趋,qu,19
乖,guai,19
绊,ban,19
豺,chai,19
隙,xi,19
肋,"jin, le, lei",18
涨,zhang,18
整,zheng,18
稍,shao,18
砖,zhuan,18
抚,fu,18
侵,qin,18
挤,ji,18
懂,dong,18
抓,zhua,18
涛,tao,18
杆,gan,18
络,"lao, luo",18
鳞,lin,18
唾,tuo,18
戚,"cu, qi",18
贺,he,18
赋,fu,18
梭,"suo, xun",18
讟,du,18
襟,jin,18
拥,yong,18
浓,nong,18
案,an,18
址,zhi,18
肠,chang,18
弯,wan,18
汹,xiong,18
呆,"ai, bao, dai",18
凄,qi,18
鸡,ji,18
混,"gun, hun, kun",17
劈,pi,17
耽,dan,17
氏,"jing, shi, zhi",17
滴,di,17
纹,wen,17
弄,"long, nong",17
榻,ta,17
泊,"bo, po",17
蛙,"jue, wa",17
搅,jiao,17
嵌,"han, kan, qian",17
佩,pei,17
顷,qing,17
揭,"he, jie, qi",17
嚼,"jiao, jue",17
肤,fu,17
洼,"gui, wa",17
恭,gong,17
畀,bi,17
衲,na,17
窄,zhai,17
诛,zhu,17
晦,hui,17
披,pi,17
僻,pi,17
簸,bo,17
逢,"feng, pang, peng",17
拴,"quan, shuan",17
逸,yi,17
糠,kang,17
排,"bai, pai",16
昌,chang,16
桑,sang,16
梃,ting,16
撤,che,16
聋,long,16
镶,xiang,16
捣,dao,16
继,ji,16
镰,lian,16
克,ke,16
轰,hong,16
熊,xiong,16
钹,bo,16
禄,lu,16
劣,lie,16
拒,ju,16
启,qi,16
栖,"qi, xi",16
凳,deng,16
很,hen,16
核,"gai, he, hu, kai",15
操,cao,15
冬,dong,15
鸠,jiu,15
婿,xu,15
硫,"chu, liu",15
磺,"gong, huang, kuang",15
喂,wei,15
嬉,xi,15
沟,gou,15
筋,"jin, qian",15
彩,cai,15
贸,mao,15
霉,mei,15
敛,lian,15
捕,bu,15
段,duan,15
衡,heng,15
衮,gun,15
柯,ke,15
募,"bo, mu",15
撼,han,15
谜,"mei, mi",15
讶,ya,15
盔,kui,15
筹,chou,15
疵,"ci, ji, zhai, zi",15
伪,wei,15
觅,mi,15
幻,huan,15
沧,cang,15
泽,ze,15
婪,lan,15
1,1,14
秋,qiu,14
驹,ju,14
忒,"te, tei, tui",14
巡,"shun, xun, yan",14
屠,tu,14
笔,bi,14
肝,gan,14
徇,xun,14
锤,chui,14
搁,ge,14
纛,"dao, du",14
曷,"e, he",14
蝎,"he, xie",14
癫,dian,14
怠,"dai, yi",14
笏,"hu, wen, wu",14
汲,ji,14
狠,"hang, hen, ken, yan",14
咆,pao,14
哮,"xiao, xue",14
罇,zun,14
瘫,tan,14
痪,"huan, tuan",14
棵,"ke, kuan",13
编,bian,13
糊,hu,13
尔,er,13
衍,yan,13
昨,zuo,13
刨,"bao, pao",13
黎,li,13
膳,shan,13
芽,ya,13
厉,li,13
蹲,"cuan, cun, dun, qun, zun",13
寂,ji,13
孝,xiao,13
棍,"ao, gun, hun",13
蜂,feng,13
缝,feng,13
玺,xi,13
浸,"jin, qin",13
均,"jun, yun",13
抗,"gang, kang",13
松,song,13
贷,dai,13
疯,feng,13
挽,wan,13
吼,hou,13
诓,kuang,13
狐,hu,13
狸,li,13
懈,xie,13
鞘,"qiao, shao",13
箴,"jian, zhen",13
筒,"dong, tong",13
崖,ya,13
堪,"chen, kan",13
痴,chi,13
箫,xiao,12
贯,guan,12
吸,xi,12
腊,"la, xi",12
鸦,ya,12
亦,yi,12
幸,"nie, xing",12
怪,guai,12
稀,xi,12
玻,bo,12
籴,"di, za",12
晒,shai,12
溃,"hui, kui",12
铲,chan,12
爬,pa,12
癣,xuan,12
碍,ai,12
屯,"tun, zhun",12
湖,hu,12
聂,nie,12
峻,jun,12
访,fang,12
豁,"hua, huo",12
份,"bin, fen",12
舔,"tan, tian",12
弦,xian,12
恰,qia,12
叱,"chi, e, hua",12
贤,xian,12
坎,kan,12
滑,"gu, hua",12
闷,men,12
熄,xi,12
栋,dong,12
棚,peng,12
擦,ca,12
薪,xin,12
励,li,12
篱,li,12
躁,zao,12
蠢,chun,12
亘,"gen, geng, xuan",12
浑,hun,12
标,biao,12
腑,fu,12
澎,peng,12
湃,"ba, pai",12
迅,xun,12
哂,shen,12
傅,fu,12
榜,"bang, beng, pang, peng",12
猎,"lie, que, xi",11
鸤,shi,11
杏,xing,11
京,jing,11
序,xu,11
乞,qi,11
薰,xun,11
呈,"cheng, kuang",11
瑙,nao,11
襻,pan,11
巾,jin,11
洛,luo,11
贞,zhen,11
醋,"cu, zuo",11
躯,qu,11
拨,bo,11
旬,"jun, xun",11
巫,wu,11
植,zhi,11
懦,nuo,11
阳,yang,11
寨,"qian, se, zhai",11
辅,fu,11
耍,shua,11
笛,di,11
材,cai,11
矛,mao,11
委,wei,11
酣,han,11
鸿,hong,11
嘘,"shi, xu",11
耦,ou,11
囿,you,10
练,lian,10
辛,xin,10
汁,"shi, xie, zhi",10
拐,guai,10
虺,hui,10
蔓,"man, wan",10
掘,"jue, ku",10
蝇,ying,10
冰,"bing, ning",10
铅,"qian, yan",10
颗,ke,10
琢,"zhuo, zuo",10
粉,fen,10
肆,"si, ti",10
搀,chan,10
蚂,ma,10
褥,"nu, ru",10
撞,zhuang,10
蓿,"su, xu",10
拍,"bo, pai",10
镕,rong,10
区,"ou, qu",10
篇,pian,10
匙,"chi, shi",10
呐,"na, ne, nuo",10
斩,zhan,10
瑕,xia,10
著,"chu, zhao, zhe, zhu, zhuo",10
碰,peng,10
诏,zhao,10
湿,shi,10
涸,he,10
丛,cong,10
懊,"ao, yu",10
渣,zha,10
滓,zi,10
茵,yin,10
蔯,chen,10
宜,yi,10
秕,bi,10
缒,zhui,9
武,wu,9
炽,chi,9
订,ding,9
抟,tuan,9
歹,"dai, e",9
填,"chen, tian, zhen",9
玳,dai,9
慌,huang,9
壁,bi,9
闯,chuang,9
拳,quan,9
格,"ge, he, luo",9
捶,"chui, duo",9
孔,kong,9
肿,zhong,9
柳,liu,9
窜,cuan,9
恃,"shi, zhi",9
毯,tan,9
剜,wan,9
戾,li,9
返,fan,9
梗,geng,9
獐,zhang,9
腮,sai,9
符,fu,9
窝,wo,9
笼,long,9
胖,"pan, pang",9
挺,ting,9
钥,"yao, yue",9
悄,qiao,9
斟,zhen,9
锄,chu,9
吊,diao,9
史,shi,9
馈,kui,9
摔,shuai,9
僚,"lao, liao",9
笃,du,9
眠,"mian, min",9
蛀,zhu,9
扭,"chou, niu, zhou",9
喉,hou,9
熬,ao,9
笆,ba,9
锈,xiu,9
稗,bai,9
堵,"du, zhe",8
扁,"bian, pian",8
丝,si,8
鸷,zhi,8
炬,ju,8
促,"chuo, cu",8
茔,ying,8
镯,zhuo,8
娘,niang,8
豆,dou,8
舅,jiu,8
副,"fu, pi",8
捷,"cha, jie, qie",8
蚋,rui,8
悚,song,8
鸵,tuo,8
蚱,zha,8
鼠,shu,8
淋,lin,8
斋,zhai,8
阉,yan,8
淡,"dan, tan, yan",8
狭,xia,8
窠,ke,8
循,xun,8
枳,zhi,8
辰,chen,8
麀,you,8
暮,mu,8
抄,"chao, suo",8
握,"ou, wo",8
烁,shuo,8
森,sen,8
墨,"mei, mo",8
婚,hun,8
讷,ne,8
燥,"sao, zao",8
敲,qiao,8
阜,fu,8
惯,guan,8
唆,"shua, suo",8
划,"guo, hua, huai",8
锯,ju,8
璎,ying,8
珞,"li, luo",8
采,cai,8
泰,tai,8
郡,jun,8
讹,e,8
颁,ban,8
租,"ju, zu",8
蛋,dan,8
岩,yan,8
谄,chan,8
肺,"fei, pei",8
缩,"su, suo",8
萌,"meng, ming",8
譬,pi,8
绒,rong,8
豹,bao,8
凋,diao,8
销,xiao,8
简,jian,8
侃,kan,8
狡,"jiao, xiao",7
3,3,7
漂,"biao, piao",7
穑,se,7
洲,zhou,7
鲜,xian,7
吴,"tun, wu",7
斜,"cha, xia, xie, ye",7
啼,ti,7
犬,quan,7
霆,ting,7
烙,"lao, luo",7
詈,li,7
壶,hu,7
锸,cha,7
晶,jing,7
铃,ling,7
桂,gui,7
纺,fang,7
款,"kuan, xin",7
疥,jie,7
捧,"feng, peng",7
酌,zhuo,7
瓜,gua,7
袖,xiu,7
噬,shi,7
策,ce,7
锡,xi,7
介,"ge, jie",7
裕,yu,7
赠,zeng,7
。,。,7
驰,chi,7
祉,zhi,7
团,"qiu, tuan",7
挣,zheng,7
痔,zhi,7
剖,"po, pou",7
爽,shuang,7
轴,zhou,7
扑,"pi, pu",7
耗,"hao, mao",7
驻,zhu,7
檀,"shan, tan",7
篡,cuan,7
戍,shu,7
庆,qing,7
捏,nie,7
璃,li,7
膛,tang,7
颓,tui,7
嘶,si,7
咙,long,7
帷,wei,7
寓,yu,7
酸,suan,7
咷,"tao, tiao",7
茴,hui,7
冢,zhong,7
舵,duo,7
赚,"zhuan, zuan",7
虹,"gong, hong, jiang",6
插,"cha, zha",6
霸,"ba, po",6
鞠,"ju, qiong, qu",6
躬,gong,6
棕,zong,6
杨,yang,6
牝,pin,6
概,"gai, gui, jie",6
谆,zhun,6
沽,gu,6
笨,ben,6
腥,xing,6
沼,zhao,6
虱,shi,6
鼎,"ding, zhen",6
碧,bi,6
裤,ku,6
揪,jiu,6
鏊,ao,6
刮,gua,6
痕,"gen, hen",6
姑,gu,6
妨,fang,6
峰,feng,6
毙,bi,6
胞,"bao, pao",6
授,shou,6
栏,lan,6
碾,nian,6
谴,qian,6
霖,lin,6
隆,long,6
禀,bing,6
抖,dou,6
抽,chou,6
豪,hao,6
杰,jie,6
辇,nian,6
犁,li,6
迥,jiong,6
殓,lian,6
卉,hui,6
跸,bi,6
昵,"ni, zhi",6
账,zhang,6
籍,"ji, jie",6
州,zhou,6
爵,jue,6
辗,"nian, zhan",6
铭,ming,6
庭,ting,6
洋,"xiang, yang",6
酬,chou,6
窒,"die, zhi",6
狎,xia,6
艺,yi,6
削,"qiao, shao, xiao, xue",6
态,tai,6
廛,chan,6
锋,feng,6
兑,"dui, duo, rui",6
娼,chang,6
荐,jian,6
雾,wu,5
猾,hua,5
6,6,5
羽,"hu, yu",5
浩,"gao, ge, hao",5
叼,diao,5
侄,zhi,5
卸,xie,5
衫,shan,5
碑,bei,5
嫂,sao,5
粜,tiao,5
店,dian,5
珉,min,5
楣,mei,5
兼,jian,5
憾,"dan, han",5
竖,shu,5
盏,zhan,5
翠,cui,5
陪,pei,5
季,ji,5
组,zu,5
镜,jing,5
翎,ling,5
鹈,ti,5
询,xun,5
秤,"cheng, ping",5
砝,"fa, ge, jie",5
码,ma,5
飨,xiang,5
蔑,mie,5
涤,di,5
喷,pen,5
腐,fu,5
缚,fu,5
挞,ta,5
阖,he,5
振,zhen,5
醇,chun,5
汉,han,5
肘,zhou,5
裁,cai,5
吝,lin,5
忤,wu,5
卵,"kun, luan",5
佣,yong,5
疆,jiang,5
愤,fen,5
咸,"jian, xian",5
滨,bin,5
夙,su,5
汤,"shang, tang",5
耙,"ba, pa",5
叉,cha,5
蹈,dao,5
谏,jian,5
寸,cun,5
贩,fan,5
购,gou,5
睁,zheng,5
陋,lou,5
耸,song,5
髅,lou,5
罄,qing,5
翳,yi,5
枷,jia,5
笙,sheng,5
萧,xiao,5
粃,"bi, pi",5
壤,rang,5
彻,che,5
膂,lv,5
钓,diao,5
媚,mei,5
蹶,"gui, jue",5
抑,yi,5
郁,yu,5
篮,lan,5
屏,"bing, ping",5
轧,"ga, ya, zha",5
忆,yi,5
骏,jun,5
苹,"peng, ping",5
盒,"an, he",5
缆,lan,5
甄,"juan, zhen",5
幄,wo,5
炊,chui,5
谚,yan,5
沤,ou,5
衙,"ya, yu",5
让,rang,5
拂,"bi, fei, fu, pi",5
浅,"jian, qian",5
棒,bang,5
姊,zi,5
奢,she,5
锚,mao,5
艇,ting,5
娃,"gui, wa",4
伟,wei,4
沥,li,4
吾,"wu, ya, yu",4
腕,wan,4
羹,"geng, lang",4
牡,mu,4
瞋,"chen, shen, tian",4
臼,jiu,4
玩,wan,4
伙,huo,4
扯,che,4
员,"yuan, yun",4
韦,wei,4
赡,shan,4
棺,guan,4
箱,xiang,4
挠,nao,4
泡,pao,4
烘,hong,4
凝,ning,4
股,gu,4
鹌,an,4
鹑,chun,4
霜,shuang,4
槌,"chui, dui, zhui",4
榫,sun,4
罐,guan,4
翡,fei,4
菖,chang,4
蒲,"bo, pu",4
竣,jun,4
鹕,hu,4
泻,xie,4
肾,shen,4
亥,"hai, jie",4
胀,zhang,4
颇,po,4
屑,xie,4
哇,"gui, hua, wa",4
拗,"ao, niu, yu",4
:,:,4
春,chun,4
勿,"mo, wu",4
餐,"can, sun",4
炒,chao,4
飒,sa,4
汊,cha,4
淤,yu,4
夹,"ga, jia",4
庵,"an, e, yan",4
颊,jia,4
翼,yi,4
丐,gai,4
蹬,deng,4
匣,xia,4
爪,"zhao, zhua",4
契,"jie, qi, qie, xie",4
靶,ba,4
锣,luo,4
驯,xun,4
猜,cai,4
邀,yao,4
蹂,rou,4
躏,lin,4
粘,"nian, zhan",4
哺,"bu, fu",4
厕,"ce, si",4
旒,liu,4
阁,ge,4
巩,gong,4
颖,ying,4
敷,fu,4
弑,shi,4
帑,"nu, tang",4
厂,"an, chang, han, yan",4
俸,"beng, feng",4
驿,yi,4
圭,gui,4
则,ze,4
蚀,shi,4
侣,lv,4
咽,"yan, ye, yuan",4
碱,"jian, xian",4
钝,dun,4
辈,bei,4
羁,ji,4
腴,yu,4
髓,sui,4
蛆,"ju, qu",4
遏,e,4
滚,gun,4
夭,"wai, wo, yao",4
巨,"ju, qu",4
卤,"lu, xi",4
踢,"die, ti",4
铮,zheng,4
翔,xiang,4
曳,ye,4
蜡,"ji, la, qu, zha",4
缰,jiang,4
皇,"huang, wang",4
诬,wu,4
歧,qi,4
燕,yan,4
镣,liao,4
技,"ji, qi",4
挥,hui,4
宥,you,4
巷,"hang, xiang",4
川,chuan,4
箕,ji,4
呜,wu,4
垫,dian,4
骤,zhou,4
郭,guo,4
灼,zhuo,4
芒,"huang, mang, wang",4
庑,wu,4
琵,pi,4
琶,pa,4
髑,du,4
夷,yi,4
部,"bu, pou",4
撅,"gui, jue",4
铠,kai,4
狄,"di, ti",4
戛,"ga, jia",4
沌,"chun, dun, tun, zhuan",3
陆,"liu, lu",3
汗,"gan, han",3
7,7,3
舱,cang,3
暑,shu,3
漆,"qi, qie",3
5,5,3
梯,ti,3
甥,sheng,3
攒,"cuan, zan",3
芸,yun,3
掐,qia,3
馀,yu,3
锥,zhui,3
敞,"chang, cheng, zheng",3
绽,zhan,3
鹭,lu,3
鸶,si,3
蝙,"bian, pian",3
蝠,fu,3
蝻,nan,3
媾,gou,3
蓬,peng,3
瘠,ji,3
僭,"jian, zen",3
醡,zha,3
滩,tan,3
串,"chuan, guan, quan",3
啬,se,3
殴,ou,3
掀,"hen, xian",3
讽,feng,3
腻,ni,3
涯,ya,3
漓,li,3
叟,"sou, xiao",3
售,"shou, shu",3
醴,li,3
脉,"mai, mo",3
姻,yin,3
鬓,bin,3
藤,teng,3
湾,wan,3
棂,ling,3
觌,di,3
截,jie,3
赌,du,3
馔,zhuan,3
釜,fu,3
椅,yi,3
隘,"ai, e",3
丫,ya,3
鬟,huan,3
鸪,gu,3
赉,lai,3
汇,hui,3
抡,lun,3
檐,"dan, yan",3
辋,wang,3
枢,shu,3
航,hang,3
桶,tong,3
匆,cong,3
筮,shi,3
塔,"da, ta",3
烹,peng,3
赍,ji,3
偕,"jie, xie",3
课,ke,3
敏,min,3
滔,tao,3
匮,"gui, kui",3
歼,jian,3
缴,"jiao, zhuo",3
夕,"xi, yi",3
揣,"chuai, duo, tuan, zhui",3
涧,jian,3
鳄,e,3
评,ping,3
际,ji,3
瑚,hu,3
獠,"lao, liao",3
酷,ku,3
馐,xiu,3
餍,yan,3
濡,"er, nuan, nuo, ru, ruan",3
泳,yong,3
衔,xian,3
哼,"heng, hng",3
霄,xiao,3
芟,"shan, wei",3
逻,luo,3
歪,wai,3
匀,"jun, yun",3
帜,zhi,3
垦,"ken, yin",3
殒,yun,3
鸱,chi,3
鸮,xiao,3
恬,tian,3
删,shan,3
纲,gang,3
尖,jian,3
暇,"jia, xia",3
蚁,yi,3
朗,lang,3
吵,"chao, miao",3
陇,long,3
桅,"gui, wei",3
诿,wei,3
罔,wang,3
赃,zang,3
蕊,"juan, rui",3
朱,"shu, zhu",3
丹,dan,3
烬,jin,3
倨,ju,3
涕,ti,3
砾,li,3
噫,"ai, yi",3
怍,"zha, zuo",3
濠,hao,3
帆,fan,3
杉,"sha, shan",3
揽,lan,3
悛,"quan, xun",3
瓮,weng,3
嗟,"jie, jue",3
掖,ye,3
矮,ai,3
犒,kao,3
龛,kan,3
肃,su,3
坠,zhui,3
针,zhen,3
巳,"si, yi",3
叮,ding,3
爸,ba,3
输,shu,3
缸,gang,3
嗜,shi,3
范,fan,3
挟,"jia, xie",3
杭,"hang, kang",2
秸,"ji, jie",2
裙,qun,2
稠,"chou, diao, tiao",2
朴,"piao, po, pu",2
枫,feng,2
拧,ning,2
晌,shang,2
灶,zao,2
芫,"yan, yuan",2
荽,"sui, wei",2
颤,"chan, zhan",2
诟,gou,2
剔,ti,2
跨,"ku, kua",2
钏,chuan,2
脊,ji,2
兔,"chan, tu",2
鹗,e,2
鹯,zhan,2
雌,ci,2
鸬,lu,2
鹚,ci,2
鸩,zhen,2
爰,yuan,2
鹦,ying,2
鹉,wu,2
鴽,ru,2
迸,beng,2
匍,pu,2
刷,shua,2
眉,mei,2
帽,mao,2
姨,yi,2
婶,shen,2
掺,"can, chan, shan",2
痨,lao,2
寞,mo,2
纸,zhi,2
葱,"chuang, cong",2
诽,fei,2
题,ti,2
；,；,2
4,4,2
傍,"bang, beng, pang, peng",2
曰,yue,2
麋,mi,2
遥,yao,2
疟,"nve, yao",2
畿,ji,2
嗷,ao,2
翩,pian,2
蝮,fu,2
锭,ding,2
讯,xun,2
踌,chou,2
躇,"chu, chuo",2
缓,huan,2
锦,jin,2
佐,zuo,2
脑,nao,2
辫,bian,2
李,li,2
钴,gu,2
厨,chu,2
裨,"bi, pi",2
锉,cuo,2
攀,pan,2
闵,min,2
蚤,"zao, zhao",2
鹧,zhe,2
梢,"sao, shao, xiao",2
泼,po,2
赘,zhui,2
缢,yi,2
呵,"a, ha, he, huo, ke",2
筏,fa,2
棱,"cheng, leng, ling",2
柁,"duo, tuo",2
辐,fu,2
玄,xuan,2
肴,yao,2
猿,yuan,2
猴,hou,2
贬,bian,2
硝,"qiao, xiao",2
嚏,ti,2
兜,dou,2
梳,shu,2
溅,jian,2
尿,"niao, sui",2
娩,"mian, wan, wen",2
晷,gui,2
戳,chuo,2
菲,fei,2
敦,"dao, diao, dui, dun, tuan, tun, zhun",2
廪,lin,2
舆,yu,2
魅,mei,2
瑾,jin,2
睹,du,2
绅,shen,2
冻,dong,2
脓,nong,2
荻,di,2
蛛,zhu,2
昴,mao,2
泯,"mian, min",2
析,"si, xi",2
樊,fan,2
嘲,"chao, zhao",2
胁,xie,2
亢,"gang, geng, kang",2
鹫,jiu,2
黧,"lai, li",2
株,zhu,2
陌,mo,2
絮,"chu, na, nv, xu",2
巍,wei,2
蒸,zheng,2
霞,xia,2
胶,"jiao, xiao",2
挫,"cuo, zuo",2
蚓,yin,2
诋,di,2
液,"shi, ye",2
饫,yu,2
惮,dan,2
融,rong,2
溺,"ni, niao, ruo",2
黜,chu,2
醲,nong,2
虾,"ha, xia",2
蟆,"ma, mo",2
廷,ting,2
燎,liao,2
逝,shi,2
靖,jing,2
佚,"die, yi",2
淑,"chu, shu",2
啄,"zhou, zhuo",2
艳,yan,2
晴,qing,2
珀,po,2
玫,mei,2
瑰,gui,2
娇,jiao,2
巅,dian,2
畦,qi,2
匝,za,2
脐,qi,2
哎,ai,2
俏,"qiao, xiao",2
铿,keng,2
耘,yun,2
撑,cheng,2
陨,yun,2
猬,wei,2
藩,fan,2
凯,kai,2
宙,zhou,2
恍,"guang, huang",2
唧,"ji, jie",2
哝,nong,2
辎,zi,2
燃,ran,2
莽,mang,2
搥,"chui, dui",2
鹅,e,2
渺,miao,2
齑,ji,2
皂,zao,2
荚,jia,2
烛,"chong, zhu",2
盲,mang,2
喑,yin,2
谓,wei,2
勃,bo,2
浆,jiang,2
劬,qu,2
庶,"shu, zhe, zhu",2
渔,yu,2
茕,qiong,2
樽,zun,2
徙,"si, xi",2
嗤,chi,2
皎,jiao,2
裸,luo,2
篷,peng,2
桨,jiang,2
澄,"cheng, deng",2
饪,ren,2
踝,huai,2
岔,cha,2
拢,long,2
仔,"zai, zi",2
茅,mao,2
酉,you,2
砸,za,2
糜,"mei, mi",2
涎,"dian, xian, yan",2
沛,pei,2
舀,yao,2
哩,"li, mai, ying",2
袱,fu,2
拷,kao,2
褒,bao,2
妥,tuo,2
垢,gou,2
廉,lian,2
侈,chi,2
荤,"hun, xun",2
湮,"yan, yin",2
8,8,1
癸,gui,1
帛,bo,1
忖,cun,1
鞍,an,1
诰,gao,1
榧,fei,1
澡,"cao, zao",1
俟,"qi, si",1
吠,fei,1
谣,yao,1
狥,xun,1
嗉,su,1
螽,zhong,1
鼬,you,1
鼫,shi,1
蜥,xi,1
蜴,"xi, yi",1
蛤,"e, ge, ha",1
蚧,jie,1
蝘,yan,1
蜓,"dian, ting",1
瞖,yi,1
膜,mo,1
瘰,luo,1
疬,li,1
痍,yi,1
届,jie,1
錾,zan,1
瓠,"gu, hu, huo",1
韭,jiu,1
蒜,suan,1
氐,"di, zhi",1
珪,gui,1
2,2,1
稚,zhi,1
倭,"wei, wo",1
芭,"ba, pa",1
遽,"ju, qu",1
麕,"jun, qun",1
羚,ling,1
麈,zhu,1
鸢,yuan,1
脾,"bi, pai, pi",1
胃,wei,1
袷,"jia, jie, qia",1
锹,qiao,1
疔,"ding, ne",1
炫,xuan,1
踶,"chi, di, shi, ti, zhi",1
漦,"chi, tai",1
忻,xin,1
琏,lian,1
港,"gang, hong",1
堡,"bao, bu, pu",1
怂,song,1
恿,"tong, yong",1
纬,wei,1
傢,"jia, xiang",1
庸,yong,1
癒,yu,1
迨,dai,1
椎,"chui, zhui",1
垄,long,1
姿,zi,1
戟,ji,1
僵,jiang,1
晕,yun,1
艮,"gen, hen",1
逗,"dou, qi, tou, zhu",1
遛,liu,1
捡,jian,1
寔,shi,1
厩,jiu,1
螺,luo,1
毂,gu,1
奁,lian,1
谒,ye,1
协,xie,1
扣,kou,1
墩,dun,1
汎,"fa, fan",1
骷,ku,1
储,chu,1
猝,cu,1
悼,dao,1
滞,zhi,1
：,：,1
讪,shan,1
稽,"ji, qi",1
恺,kai,1
搔,sao,1
卿,qing,1
恚,hui,1
萑,"huan, zhui",1
诩,xu,1
喘,chuan,1
溷,hun,1
酪,"lao, lu, luo",1
迭,"da, die, yi",1
廓,kuo,1
蹙,cu,1
诘,"ji, jie",1
淘,tao,1
症,zheng,1
摈,bin,1
厄,e,1
晋,jin,1
潜,qian,1
茧,"chong, jian",1
殡,bin,1
矿,kuang,1
蕴,yun,1
藿,"he, huo",1
祥,xiang,1
矢,shi,1
阡,qian,1
懵,meng,1
襁,qiang,1
褓,bao,1
骔,zong,1
汪,"hong, wang",1
卓,zhuo,1
粹,"cui, sui",1
瞪,deng,1
劲,"jin, jing",1
旌,jing,1
迓,ya,1
阱,jing,1
馋,chan,1
嗐,hai,1
疖,jie,1
瀑,"bao, bo, pu",1
荟,hui,1
阗,tian,1
域,yu,1
蜗,wo,1
胚,pei,1
幡,fan,1
畴,chou,1
颅,lu,1
陟,"de, zhi",1
褫,chi,1
措,"ci, cuo, ze",1
聆,ling,1
陡,dou,1
堤,"di, shi, ti, wei",1
坝,ba,1
嗔,"chen, tian",1
箛,gu,1
猖,chang,1
嫰,nen,1
津,jin,1
恪,ke,1
扩,kuo,1
漫,man,1
蛟,jiao,1
铙,nao,1
衢,qu,1
刁,diao,1
烫,tang,1
扮,"ban, fen, huo",1
帝,di,1
涵,han,1
寰,"huan, xian",1
蚩,chi,1
肖,xiao,1
俭,jian,1
崽,zai,1
霍,"he, huo, suo",1
瞬,shun,1
讳,hui,1
杵,chu,1
煽,shan,1
戕,"qiang, zang",1
躐,lie,1
芬,fen,1
芳,fang,1
峦,luan,1
嶂,zhang,1
闾,lv,1
炷,zhu,1
桃,"tao, tiao, zhao",1
胯,kua,1
髫,tiao,1
糟,zao,1
徐,xu,1
钳,qian,1
赁,lin,1
髯,ran,1
蛮,man,1
维,wei,1
徕,lai,1
杪,miao,1
辏,cou,1
娠,shen,1
惝,"chang, tang",1
呕,ou,1
霹,pi,1
雳,li,1
诞,dan,1
坼,che,1
鴃,jue,1
魑,chi,1
魍,wang,1
魉,liang,1
妖,"jiao, yao",1
崎,"qi, yi",1
岖,qu,1
茫,"huang, mang",1
砧,zhen,1
焊,han,1
蚯,qiu,1
研,"xing, yan",1
咤,zha,1
搂,lou,1
祓,"fei, fu",1
禳,rang,1
秦,qin,1
孑,jie,1
蠹,du,1
摧,"cui, cuo, zui",1
憔,qiao,1
悴,cui,1
砌,"qi, qie",1
砂,sha,1
雉,"kai, si, yi, zhi",1
堞,die,1
沸,"fei, fu",1
辽,liao,1
轿,jiao,1
渗,shen,1
厮,si,1
窍,qiao,1
绎,yi,1
邸,di,1
镟,xuan,1
僮,"chong, tong, zhuang",1
眩,"huan, juan, xuan",1
跛,"bi, bo, po",1
辙,zhe,1
窖,"jiao, zao",1
腋,ye,1
钺,yue,1
啮,nie,1
庾,yu,1
咨,zi,1
罴,pi,1
冀,ji,1
检,jian,1
朦,"mang, meng",1
钢,gang,1
袒,"tan, zhan",1
黍,shu,1
撺,cuan,1
掇,"duo, zhuo",1
阐,chan,1
惘,wang,1
暱,ni,1
毡,zhan,1
唉,ai,1
楹,ying,1
甬,"dong, yong",1
岡,gang,1
泅,"qiu, you",1
泞,"ning, zhu",1
摅,shu,1
鄙,bi,1
谀,yu,1
0,0,1
孰,shu,1
荼,"cha, shu, tu, ye",1
闸,zha,1
蜢,meng,1
拖,"chi, tuo",1
伶,ling,1
娄,lou,1
渥,"ou, wo, wu",1
霈,pei,1
镌,juan,1
否,"fou, pi",1
煦,"xiu, xu",1
逍,xiao,1
县,xian,1
贝,bei,1
痫,xian,1
毀,hui,1
芹,qin,1
蚊,wen,1
滤,lv,1
盹,"dun, zhun",1
腌,"a, ang, yan",1
咎,"gao, jiu",1
岗,gang,1
搓,"chai, cuo",1
锐,rui,1
呀,"xia, ya",1
厘,"chan, li",1
壅,"weng, yong",1
嫖,"biao, piao",1
迕,wu,1
柩,jiu,1
箍,gu,1
骚,sao,1
澳,"ao, yu",1
攸,you,1
甩,shuai,1
痢,li,1
翁,weng,1
馆,guan,1
括,"gua, kuo",1
婉,wan,1
稿,gao,1
娈,luan,1
饷,xiang,1
琉,liu,1
霎,sha,1
虏,lu,1
佻,"dao, diao, tiao, yao, zhao",1
皱,zhou,1
谅,liang,1
佯,yang,1
洽,"he, qia",1
罩,zhao,1
燔,"fan, fen",1
9,9,1
抺,mei,1
螫,"shi, zhe",1
彷,"fang, pang",1
